epoch;loss
0;0.2479762339359433
1;0.23611214174528078
2;0.23352811144051489
3;0.23070897730018616
4;0.2277690453629765
5;0.22571605158431468
6;0.22397368730846415
7;0.2218569849861818
8;0.22047679390574537
9;0.21813778924414048
10;0.21595586237410028
11;0.2141089122289305
12;0.21332962490245821
13;0.21172996008658593
14;0.209172383023407
15;0.20819708579996518
16;0.20673219891126413
