epoch;loss
0;0.19512620297460176
1;0.17018832029484884
2;0.159585654713545
