epoch;loss
0;0.16838378647638744
1;0.13539573506630212
2;0.13654144373853425
3;0.13741465130229943
4;0.13791103259638632
5;0.1362661136604154
6;0.13350190658933658
7;0.13026139715304152
8;0.1266747076809008
